host_id,region,disk_usage,network_errors,uptime_hours,log_time
SRV_100,Bangalore,34.56,4.0,1559,2026-05-26 10:00:00
SRV_101,Bangalore,24.75,1.0,621,2026-05-26 10:01:00
SRV_102,Pune,101.0,,150,2026-05-26 10:02:00
SRV_103,Delhi,39.97,,1332,INVALID_DATE
SRV_104,Mumbai,69.54,,1703,2026-05-26 10:04:00
SRV_105,Bangalore,76.62,,1851,2026-05-26 10:05:00
SRV_106,Hyderabad,63.9,,435,2026-05-26 10:06:00
SRV_107,Chennai,47.17,0.0,1873,2026-05-26 10:07:00
SRV_108,Pune,67.87,8.0,209,2026-05-26 10:08:00
SRV_109,Mumbai,101.0,1.0,1925,INVALID_DATE
SRV_110,Pune,48.24,7.0,1082,2026-05-26 10:10:00
SRV_111,Bangalore,150.0,3.0,1854,2026-05-26 10:11:00
SRV_112,Hyderabad,,,793,2026-05-26 10:12:00
SRV_113,Mumbai,37.42,5.0,530,2026-05-26 10:13:00
SRV_114,Bangalore,88.22,8.0,483,2026-05-26 10:14:00
SRV_115,Hyderabad,62.63,1.0,1583,2026-05-26 10:15:00
SRV_116,Delhi,33.29,3.0,818,2026-05-26 10:16:00
SRV_117,Delhi,21.13,,869,2026-05-26 10:17:00
SRV_118,Bangalore,58.48,,145,2026-05-26 10:18:00
SRV_119,Delhi,49.57,2.0,1861,2026-05-21 10:00:00
SRV_120,Pune,97.3,6.0,1947,2026-05-26 10:20:00
SRV_121,Chennai,,,1114,2026-05-26 10:21:00
SRV_122,Bangalore,62.81,3.0,1558,2026-05-26 10:22:00
SRV_123,Mumbai,73.29,,1438,2026-05-26 10:23:00
SRV_124,Delhi,-10.0,,1265,2026-05-26 10:24:00
SRV_125,Chennai,22.51,3.0,316,2026-05-26 10:25:00
SRV_126,Chennai,-10.0,,1886,2026-05-26 10:26:00
SRV_127,Bangalore,49.44,0.0,865,2026-05-26 10:27:00
SRV_128,Chennai,83.11,7.0,1379,2026-05-26 10:28:00
SRV_129,Bangalore,94.77,2.0,724,2026-05-26 10:29:00
SRV_130,Hyderabad,34.59,,1280,2026-05-26 10:30:00
SRV_131,Delhi,57.18,3.0,1640,2026-05-26 10:31:00
SRV_132,Bangalore,93.82,,480,2026-05-26 10:32:00
SRV_133,Delhi,47.61,10.0,273,2026-05-26 10:33:00
SRV_134,Hyderabad,56.9,5.0,1399,2026-05-21 10:00:00
SRV_135,Delhi,50.17,3.0,1396,2026-05-26 10:35:00
SRV_136,Pune,101.0,10.0,1543,2026-05-26 10:36:00
SRV_137,Bangalore,88.67,,706,2026-05-26 10:37:00
SRV_138,Mumbai,36.27,,192,2026-05-26 10:38:00
SRV_139,Delhi,84.8,,1207,2026-05-26 10:39:00
SRV_140,Bangalore,,7.0,546,2026-05-26 10:40:00
SRV_141,Mumbai,150.0,6.0,1804,2026-05-26 10:41:00
SRV_142,Delhi,47.2,,581,2026-05-26 10:42:00
SRV_143,Pune,47.77,,1300,2026-05-26 10:43:00
SRV_144,Pune,62.62,,1146,2026-05-26 10:44:00
SRV_145,Pune,35.47,1.0,1333,2026-05-26 10:45:00
SRV_146,Delhi,21.26,6.0,914,2026-05-26 10:46:00
SRV_147,Delhi,25.98,8.0,1885,2026-05-26 10:47:00
SRV_148,Pune,74.52,9.0,1797,2026-05-26 10:48:00
SRV_149,Mumbai,87.93,6.0,229,2026-05-26 10:49:00
SRV_150,Bangalore,37.77,,1485,2026-05-26 10:50:00
SRV_151,Hyderabad,74.37,5.0,894,2026-05-26 10:51:00
SRV_152,Pune,92.94,,1985,INVALID_DATE
SRV_153,Bangalore,88.43,4.0,940,2026-05-26 10:53:00
SRV_154,Pune,86.95,,1359,2026-05-26 10:54:00
SRV_155,Delhi,35.55,9.0,404,2026-05-26 10:55:00
SRV_156,Hyderabad,150.0,,1218,2026-05-26 10:56:00
SRV_157,Mumbai,27.95,,777,2026-05-26 10:57:00
SRV_158,Bangalore,90.62,,1955,2026-05-26 10:58:00
SRV_159,Mumbai,34.29,3.0,1443,2026-05-26 10:59:00
SRV_160,Mumbai,94.49,7.0,523,2026-05-26 11:00:00
SRV_161,Bangalore,70.22,,274,2026-05-26 11:01:00
SRV_162,Pune,36.26,0.0,85,2026-05-26 11:02:00
SRV_163,Delhi,23.33,,1463,2026-05-26 11:03:00
SRV_164,Mumbai,38.3,,1477,2026-05-26 11:04:00
SRV_165,Delhi,22.74,5.0,1755,2026-05-26 11:05:00
SRV_166,Chennai,58.25,,1354,2026-05-26 11:06:00
SRV_167,Chennai,74.86,,1223,2026-05-26 11:07:00
SRV_168,Delhi,68.45,1.0,718,2026-05-26 11:08:00
SRV_169,Chennai,85.0,,287,2026-05-26 11:09:00
SRV_170,Mumbai,91.41,,741,2026-05-26 11:10:00
SRV_171,Pune,48.51,5.0,1224,2026-05-26 11:11:00
SRV_172,Mumbai,78.51,,903,2026-05-26 11:12:00
SRV_173,Bangalore,66.21,7.0,1289,2026-05-24 10:00:00
SRV_174,Chennai,39.49,10.0,1441,2026-05-26 11:14:00
SRV_175,Bangalore,42.23,4.0,1984,2026-05-24 10:00:00
SRV_176,Pune,,,336,2026-05-26 11:16:00
SRV_177,Bangalore,67.63,,1654,2026-05-26 11:17:00
SRV_178,Delhi,73.66,,1583,2026-05-26 11:18:00
SRV_179,Mumbai,57.62,0.0,1948,2026-05-26 11:19:00
SRV_180,Hyderabad,85.28,0.0,1061,2026-05-26 11:20:00
SRV_181,Mumbai,101.0,,96,INVALID_DATE
SRV_182,Mumbai,96.33,,1744,2026-05-22 10:00:00
SRV_183,Bangalore,150.0,10.0,1729,2026-05-26 11:23:00
SRV_184,Chennai,35.86,,1624,2026-05-26 11:24:00
SRV_185,Hyderabad,30.36,2.0,1098,2026-05-26 11:25:00
SRV_186,Chennai,60.53,,1861,2026-05-26 11:26:00
SRV_187,Bangalore,64.94,1.0,1400,2026-05-26 11:27:00
SRV_188,Chennai,97.67,8.0,1564,2026-05-26 11:28:00
SRV_189,Mumbai,92.03,,1473,2026-05-26 11:29:00
SRV_190,Mumbai,43.83,5.0,247,2026-05-26 11:30:00
SRV_191,Delhi,26.96,,823,2026-05-26 11:31:00
SRV_192,Bangalore,34.9,2.0,394,2026-05-26 11:32:00
SRV_193,Pune,20.21,0.0,372,2026-05-26 11:33:00
SRV_194,Hyderabad,76.45,,950,2026-05-26 11:34:00
SRV_195,Hyderabad,80.59,,708,2026-05-22 10:00:00
SRV_196,Delhi,85.33,2.0,434,2026-05-26 11:36:00
SRV_197,Delhi,37.82,10.0,706,2026-05-26 11:37:00
SRV_198,Hyderabad,32.96,,889,2026-05-26 11:38:00
SRV_199,Chennai,26.36,8.0,1549,2026-05-26 11:39:00
SRV_200,Hyderabad,78.22,,1647,2026-05-26 11:40:00
SRV_201,Chennai,25.47,,445,2026-05-26 11:41:00
SRV_202,Hyderabad,63.18,,1380,2026-05-26 11:42:00
SRV_203,Hyderabad,150.0,8.0,1706,2026-05-26 11:43:00
SRV_204,Mumbai,69.55,,985,2026-05-26 11:44:00
SRV_205,Pune,65.07,6.0,541,2026-05-26 11:45:00
SRV_206,Chennai,91.11,,1031,2026-05-26 11:46:00
SRV_207,Chennai,35.57,10.0,777,2026-05-26 11:47:00
SRV_208,Bangalore,69.25,9.0,158,2026-05-26 11:48:00
SRV_209,Pune,98.68,,378,INVALID_DATE
SRV_210,Chennai,22.11,4.0,986,2026-05-26 11:50:00
SRV_211,Mumbai,94.5,,510,2026-05-26 11:51:00
SRV_212,Delhi,58.48,,1227,2026-05-26 11:52:00
SRV_213,Bangalore,30.85,,1678,2026-05-26 11:53:00
SRV_214,Chennai,20.74,,1564,2026-05-26 11:54:00
SRV_215,Delhi,89.97,6.0,1791,2026-05-26 11:55:00
SRV_216,Pune,56.23,6.0,1636,2026-05-26 11:56:00
SRV_217,Hyderabad,66.01,7.0,1383,2026-05-26 11:57:00
SRV_218,Pune,101.0,8.0,308,2026-05-26 11:58:00
SRV_219,Bangalore,80.39,,695,2026-05-26 11:59:00
SRV_220,Chennai,47.22,,1011,2026-05-26 12:00:00
SRV_221,Chennai,-10.0,,1460,2026-05-26 12:01:00
SRV_222,Bangalore,73.62,8.0,1486,2026-05-26 12:02:00
SRV_223,Hyderabad,90.79,3.0,615,2026-05-26 12:03:00
SRV_224,Chennai,85.68,4.0,1087,2026-05-24 10:00:00
SRV_225,Hyderabad,150.0,,99,2026-05-26 12:05:00
SRV_226,Hyderabad,70.1,1.0,1320,2026-05-26 12:06:00
SRV_227,Pune,44.95,,635,2026-05-26 12:07:00
SRV_228,Delhi,60.49,10.0,585,2026-05-26 12:08:00
SRV_229,Chennai,91.25,,1813,2026-05-26 12:09:00
SRV_230,Delhi,35.58,6.0,814,2026-05-22 10:00:00
SRV_231,Chennai,52.51,,278,2026-05-26 12:11:00
SRV_232,Chennai,,8.0,1386,2026-05-26 12:12:00
SRV_233,Mumbai,38.5,,1028,2026-05-26 12:13:00
SRV_234,Hyderabad,41.54,,949,2026-05-26 12:14:00
SRV_235,Mumbai,150.0,1.0,961,2026-05-26 12:15:00
SRV_236,Pune,101.0,,920,INVALID_DATE
SRV_237,Bangalore,43.15,8.0,1213,2026-05-26 12:17:00
SRV_238,Chennai,101.0,,1939,2026-05-26 12:18:00
SRV_239,Delhi,32.98,,1479,2026-05-26 12:19:00
SRV_240,Pune,79.76,6.0,377,2026-05-26 12:20:00
SRV_241,Delhi,150.0,0.0,1811,2026-05-26 12:21:00
SRV_242,Bangalore,150.0,10.0,825,2026-05-26 12:22:00
SRV_243,Mumbai,56.81,5.0,315,2026-05-26 12:23:00
SRV_244,Bangalore,150.0,,499,2026-05-26 12:24:00
SRV_245,Bangalore,31.01,,980,2026-05-26 12:25:00
SRV_246,Bangalore,39.8,,1690,2026-05-26 12:26:00
SRV_247,Bangalore,86.36,8.0,1424,2026-05-26 12:27:00
SRV_248,Bangalore,79.4,,999,2026-05-26 12:28:00
SRV_249,Mumbai,83.86,8.0,421,2026-05-26 12:29:00
SRV_250,Pune,25.47,,696,2026-05-26 12:30:00
SRV_251,Pune,55.48,4.0,923,2026-05-26 12:31:00
SRV_252,Hyderabad,80.87,2.0,326,INVALID_DATE
SRV_253,Chennai,40.75,,452,2026-05-26 12:33:00
SRV_254,Mumbai,54.45,4.0,1926,2026-05-26 12:34:00
SRV_255,Delhi,89.38,5.0,761,2026-05-26 12:35:00
SRV_256,Pune,64.16,0.0,993,2026-05-26 12:36:00
SRV_257,Hyderabad,81.93,0.0,1368,2026-05-26 12:37:00
SRV_258,Delhi,65.3,10.0,759,2026-05-26 12:38:00
SRV_259,Chennai,35.6,,882,2026-05-23 10:00:00
SRV_260,Mumbai,79.77,6.0,794,2026-05-26 12:40:00
SRV_261,Delhi,68.41,,1396,2026-05-26 12:41:00
SRV_262,Pune,91.36,8.0,848,2026-05-26 12:42:00
SRV_263,Delhi,63.79,,1495,2026-05-26 12:43:00
SRV_264,Hyderabad,91.81,7.0,1668,2026-05-24 10:00:00
SRV_265,Mumbai,70.79,1.0,1478,2026-05-26 12:45:00
SRV_266,Chennai,33.1,2.0,1160,2026-05-26 12:46:00
SRV_267,Pune,47.94,1.0,1931,2026-05-26 12:47:00
SRV_268,Hyderabad,94.18,,1636,2026-05-26 12:48:00
SRV_269,Pune,97.36,,1275,2026-05-26 12:49:00
SRV_270,Pune,26.0,,561,2026-05-26 12:50:00
SRV_271,Hyderabad,50.34,5.0,551,2026-05-26 12:51:00
SRV_272,Mumbai,29.27,,1028,2026-05-26 12:52:00
SRV_273,Chennai,33.04,7.0,248,2026-05-26 12:53:00
SRV_274,Mumbai,80.48,8.0,1333,2026-05-26 12:54:00
SRV_275,Mumbai,80.85,,1686,2026-05-26 12:55:00
SRV_276,Hyderabad,55.31,1.0,1203,2026-05-26 12:56:00
SRV_277,Bangalore,47.14,,1226,2026-05-26 12:57:00
SRV_278,Bangalore,41.19,7.0,1804,2026-05-26 12:58:00
SRV_279,Chennai,-10.0,8.0,375,2026-05-26 12:59:00
SRV_280,Pune,62.08,5.0,189,2026-05-26 13:00:00
SRV_281,Bangalore,150.0,,1545,2026-05-26 13:01:00
SRV_282,Bangalore,33.38,,510,2026-05-26 13:02:00
SRV_283,Chennai,78.92,,1483,2026-05-26 13:03:00
SRV_284,Mumbai,,10.0,398,2026-05-26 13:04:00
SRV_285,Pune,30.66,,1217,2026-05-26 13:05:00
SRV_286,Chennai,40.61,,547,2026-05-26 13:06:00
SRV_287,Bangalore,-10.0,5.0,1531,2026-05-26 13:07:00
SRV_288,Pune,46.97,9.0,307,2026-05-26 13:08:00
SRV_289,Pune,150.0,7.0,1726,2026-05-24 10:00:00
SRV_290,Hyderabad,21.98,7.0,414,2026-05-26 13:10:00
SRV_291,Delhi,36.19,,1596,2026-05-26 13:11:00
SRV_292,Chennai,36.27,4.0,1392,2026-05-26 13:12:00
SRV_293,Delhi,97.66,,1000,2026-05-26 13:13:00
SRV_294,Chennai,97.31,1.0,1841,2026-05-26 13:14:00
SRV_295,Chennai,22.99,4.0,665,2026-05-26 13:15:00
SRV_296,Hyderabad,61.03,6.0,1314,2026-05-26 13:16:00
SRV_297,Hyderabad,150.0,,1149,2026-05-26 13:17:00
SRV_298,Delhi,92.95,,1486,2026-05-26 13:18:00
SRV_299,Chennai,63.88,4.0,1150,2026-05-26 13:19:00
SRV_300,Mumbai,,,102,2026-05-26 13:20:00
SRV_301,Mumbai,95.45,0.0,1526,2026-05-26 13:21:00
SRV_302,Mumbai,28.25,2.0,1441,2026-05-26 13:22:00
SRV_303,Mumbai,29.12,10.0,1410,2026-05-26 13:23:00
SRV_304,Hyderabad,20.72,,989,2026-05-26 13:24:00
SRV_305,Hyderabad,84.28,6.0,996,2026-05-26 13:25:00
SRV_306,Delhi,71.99,,421,2026-05-26 13:26:00
SRV_307,Hyderabad,101.0,,289,2026-05-22 10:00:00
SRV_308,Hyderabad,61.93,1.0,1240,2026-05-26 13:28:00
SRV_309,Delhi,68.7,,1562,2026-05-26 13:29:00
SRV_310,Hyderabad,95.35,,1465,2026-05-26 13:30:00
SRV_311,Pune,30.2,7.0,1550,2026-05-26 13:31:00
SRV_312,Mumbai,44.72,5.0,1586,INVALID_DATE
SRV_313,Mumbai,68.05,,1113,2026-05-26 13:33:00
SRV_314,Delhi,88.25,,709,2026-05-26 13:34:00
SRV_315,Mumbai,35.09,,1091,2026-05-26 13:35:00
SRV_316,Chennai,150.0,10.0,1771,2026-05-26 13:36:00
SRV_317,Bangalore,83.93,4.0,1731,2026-05-26 13:37:00
SRV_318,Hyderabad,52.29,,903,2026-05-26 13:38:00
SRV_319,Chennai,63.19,,1872,INVALID_DATE
SRV_320,Bangalore,32.17,,1033,2026-05-26 13:40:00
SRV_321,Delhi,82.31,,1879,2026-05-26 13:41:00
SRV_322,Hyderabad,33.73,,722,2026-05-26 13:42:00
SRV_323,Delhi,64.26,1.0,81,2026-05-26 13:43:00
SRV_324,Pune,26.96,,1438,2026-05-26 13:44:00
SRV_325,Hyderabad,80.29,0.0,1398,2026-05-26 13:45:00
SRV_326,Hyderabad,33.75,3.0,759,2026-05-26 13:46:00
SRV_327,Mumbai,101.0,,1832,INVALID_DATE
SRV_328,Pune,21.95,3.0,667,2026-05-26 13:48:00
SRV_329,Delhi,71.59,5.0,807,2026-05-26 13:49:00
SRV_330,Pune,41.05,10.0,168,2026-05-26 13:50:00
SRV_331,Delhi,75.14,,253,2026-05-26 13:51:00
SRV_332,Pune,53.68,8.0,1031,2026-05-26 13:52:00
SRV_333,Chennai,150.0,,746,2026-05-26 13:53:00
SRV_334,Bangalore,47.06,,591,2026-05-26 13:54:00
SRV_335,Hyderabad,44.17,,1886,2026-05-26 13:55:00
SRV_336,Hyderabad,53.96,,1825,2026-05-26 13:56:00
SRV_337,Bangalore,49.37,3.0,1063,2026-05-26 13:57:00
SRV_338,Mumbai,84.15,8.0,423,2026-05-26 13:58:00
SRV_339,Pune,101.0,,1775,2026-05-26 13:59:00
SRV_340,Pune,41.11,7.0,1023,2026-05-26 14:00:00
SRV_341,Chennai,37.53,,179,2026-05-26 14:01:00
SRV_342,Delhi,47.16,,817,2026-05-26 14:02:00
SRV_343,Delhi,21.14,,831,2026-05-26 14:03:00
SRV_344,Chennai,90.07,9.0,53,2026-05-26 14:04:00
SRV_345,Delhi,25.63,6.0,784,2026-05-26 14:05:00
SRV_346,Bangalore,48.31,6.0,162,2026-05-26 14:06:00
SRV_347,Hyderabad,31.88,7.0,1442,2026-05-26 14:07:00
SRV_348,Pune,101.0,4.0,539,2026-05-26 14:08:00
SRV_349,Bangalore,36.74,7.0,1858,2026-05-26 14:09:00
SRV_350,Chennai,83.51,,430,2026-05-26 14:10:00
SRV_351,Pune,48.81,2.0,128,INVALID_DATE
SRV_352,Pune,77.71,3.0,905,2026-05-26 14:12:00
SRV_353,Pune,40.2,,833,2026-05-26 14:13:00
SRV_354,Chennai,29.75,,1587,2026-05-26 14:14:00
SRV_355,Hyderabad,79.88,8.0,403,2026-05-26 14:15:00
SRV_356,Chennai,76.75,0.0,822,2026-05-26 14:16:00
SRV_357,Delhi,35.21,,132,2026-05-26 14:17:00
SRV_358,Hyderabad,39.88,,1564,2026-05-26 14:18:00
SRV_359,Mumbai,31.14,9.0,1709,2026-05-26 14:19:00
SRV_360,Bangalore,-10.0,3.0,531,INVALID_DATE
SRV_361,Delhi,78.1,3.0,292,2026-05-26 14:21:00
SRV_362,Chennai,101.0,,1178,2026-05-26 14:22:00
SRV_363,Bangalore,78.13,,1660,2026-05-26 14:23:00
SRV_364,Hyderabad,-10.0,,1341,2026-05-26 14:24:00
SRV_365,Delhi,74.49,,1945,2026-05-26 14:25:00
SRV_366,Delhi,36.2,,617,2026-05-26 14:26:00
SRV_367,Delhi,74.77,,1307,2026-05-26 14:27:00
SRV_368,Mumbai,96.27,,1045,2026-05-24 10:00:00
SRV_369,Delhi,81.9,2.0,951,2026-05-26 14:29:00
SRV_370,Bangalore,83.84,,1252,2026-05-26 14:30:00
SRV_371,Mumbai,-10.0,,1628,2026-05-26 14:31:00
SRV_372,Bangalore,75.76,2.0,1672,2026-05-26 14:32:00
SRV_373,Delhi,24.82,6.0,169,2026-05-26 14:33:00
SRV_374,Mumbai,34.5,5.0,1024,2026-05-26 14:34:00
SRV_375,Hyderabad,50.81,,1558,2026-05-26 14:35:00
SRV_376,Pune,37.74,,59,2026-05-26 14:36:00
SRV_377,Pune,36.41,,1516,INVALID_DATE
SRV_378,Delhi,52.61,0.0,87,2026-05-26 14:38:00
SRV_379,Mumbai,75.72,,1205,2026-05-26 14:39:00
SRV_380,Mumbai,89.82,,518,2026-05-26 14:40:00
SRV_381,Hyderabad,38.98,2.0,851,2026-05-26 14:41:00
SRV_382,Mumbai,65.2,10.0,1832,2026-05-22 10:00:00
SRV_383,Bangalore,96.94,,1108,2026-05-26 14:43:00
SRV_384,Pune,85.5,4.0,1170,2026-05-26 14:44:00
SRV_385,Chennai,85.44,,1002,2026-05-26 14:45:00
SRV_386,Bangalore,46.48,,58,2026-05-26 14:46:00
SRV_387,Delhi,80.81,,1840,2026-05-26 14:47:00
SRV_388,Pune,24.62,9.0,1808,2026-05-26 14:48:00
SRV_389,Pune,41.86,,1233,2026-05-26 14:49:00
SRV_390,Bangalore,101.0,,1593,2026-05-26 14:50:00
SRV_391,Chennai,,,1931,2026-05-26 14:51:00
SRV_392,Bangalore,49.76,10.0,1447,2026-05-26 14:52:00
SRV_393,Hyderabad,101.0,1.0,209,2026-05-26 14:53:00
SRV_394,Chennai,87.99,10.0,114,2026-05-26 14:54:00
SRV_395,Hyderabad,94.94,,1056,2026-05-26 14:55:00
SRV_396,Pune,22.77,1.0,1202,2026-05-26 14:56:00
SRV_397,Hyderabad,39.32,,1000,INVALID_DATE
SRV_398,Chennai,94.55,10.0,1716,2026-05-26 14:58:00
SRV_399,Bangalore,96.03,,1045,2026-05-26 14:59:00
SRV_400,Mumbai,32.7,,279,2026-05-26 15:00:00
SRV_401,Chennai,62.29,5.0,1547,2026-05-26 15:01:00
SRV_402,Pune,-10.0,,1646,2026-05-26 15:02:00
SRV_403,Mumbai,23.49,9.0,995,2026-05-26 15:03:00
SRV_404,Mumbai,71.32,0.0,657,2026-05-26 15:04:00
SRV_405,Hyderabad,45.67,9.0,202,2026-05-26 15:05:00
SRV_406,Pune,45.66,4.0,1592,2026-05-26 15:06:00
SRV_407,Pune,32.58,3.0,1035,2026-05-26 15:07:00
SRV_408,Hyderabad,45.21,9.0,1565,2026-05-26 15:08:00
SRV_409,Bangalore,92.72,6.0,1127,2026-05-25 10:00:00
SRV_410,Chennai,-10.0,4.0,1625,INVALID_DATE
SRV_411,Hyderabad,44.99,,517,2026-05-26 15:11:00
SRV_412,Pune,67.27,1.0,541,2026-05-26 15:12:00
SRV_413,Mumbai,43.88,0.0,354,2026-05-26 15:13:00
SRV_414,Chennai,43.99,7.0,440,2026-05-26 15:14:00
SRV_415,Hyderabad,32.76,,465,2026-05-23 10:00:00
SRV_416,Delhi,68.57,8.0,652,2026-05-26 15:16:00
SRV_417,Delhi,57.69,,347,2026-05-26 15:17:00
SRV_418,Chennai,,,1499,INVALID_DATE
SRV_419,Bangalore,69.03,6.0,915,2026-05-26 15:19:00
SRV_420,Pune,60.18,1.0,744,2026-05-26 15:20:00
SRV_421,Chennai,150.0,,1484,INVALID_DATE
SRV_422,Hyderabad,63.6,,180,2026-05-26 15:22:00
SRV_423,Chennai,87.57,,1884,2026-05-26 15:23:00
SRV_424,Delhi,150.0,,1210,2026-05-26 15:24:00
SRV_425,Pune,65.51,0.0,1211,2026-05-26 15:25:00
SRV_426,Pune,96.58,,683,2026-05-26 15:26:00
SRV_427,Mumbai,24.3,,1286,2026-05-26 15:27:00
SRV_428,Pune,95.72,,1484,2026-05-26 15:28:00
SRV_429,Pune,22.93,,224,2026-05-26 15:29:00
SRV_430,Chennai,81.32,8.0,93,2026-05-26 15:30:00
SRV_431,Bangalore,58.14,2.0,253,2026-05-26 15:31:00
SRV_432,Hyderabad,42.23,,179,2026-05-26 15:32:00
SRV_433,Delhi,51.89,10.0,1767,2026-05-26 15:33:00
SRV_434,Delhi,71.97,5.0,924,2026-05-26 15:34:00
SRV_435,Hyderabad,29.8,4.0,1838,2026-05-26 15:35:00
SRV_436,Mumbai,77.74,6.0,1311,INVALID_DATE
SRV_437,Bangalore,39.82,,918,2026-05-26 15:37:00
SRV_438,Hyderabad,93.82,8.0,604,2026-05-26 15:38:00
SRV_439,Hyderabad,93.47,,517,2026-05-26 15:39:00
SRV_440,Delhi,71.65,,1266,2026-05-26 15:40:00
SRV_441,Delhi,52.0,,1433,2026-05-26 15:41:00
SRV_442,Hyderabad,78.73,7.0,1186,2026-05-26 15:42:00
SRV_443,Delhi,20.67,,1977,2026-05-26 15:43:00
SRV_444,Hyderabad,28.21,,930,2026-05-26 15:44:00
SRV_445,Delhi,56.24,,917,2026-05-26 15:45:00
SRV_446,Chennai,41.2,1.0,1208,2026-05-26 15:46:00
SRV_447,Pune,41.84,8.0,1222,2026-05-26 15:47:00
SRV_448,Bangalore,21.51,6.0,317,2026-05-26 15:48:00
SRV_449,Pune,94.49,,1302,2026-05-26 15:49:00
SRV_450,Hyderabad,84.17,9.0,1971,2026-05-26 15:50:00
SRV_451,Bangalore,43.54,2.0,1675,2026-05-26 15:51:00
SRV_452,Delhi,60.73,,784,2026-05-26 15:52:00
SRV_453,Delhi,85.51,,199,2026-05-26 15:53:00
SRV_454,Hyderabad,34.8,0.0,1719,2026-05-26 15:54:00
SRV_455,Chennai,71.21,3.0,489,2026-05-23 10:00:00
SRV_456,Hyderabad,79.9,,899,2026-05-26 15:56:00
SRV_457,Bangalore,67.25,,1994,2026-05-26 15:57:00
SRV_458,Delhi,25.42,7.0,1240,INVALID_DATE
SRV_459,Mumbai,68.32,2.0,1440,2026-05-26 15:59:00
SRV_460,Chennai,91.36,0.0,1443,2026-05-26 16:00:00
SRV_461,Mumbai,150.0,10.0,794,2026-05-26 16:01:00
SRV_462,Delhi,67.14,,1111,2026-05-26 16:02:00
SRV_463,Delhi,68.49,2.0,866,2026-05-26 16:03:00
SRV_464,Bangalore,65.04,,1902,2026-05-26 16:04:00
SRV_465,Hyderabad,84.15,,1697,2026-05-26 16:05:00
SRV_466,Hyderabad,36.64,,72,2026-05-26 16:06:00
SRV_467,Hyderabad,50.81,8.0,1111,2026-05-26 16:07:00
SRV_468,Pune,33.83,8.0,905,2026-05-26 16:08:00
SRV_469,Bangalore,57.86,,591,2026-05-26 16:09:00
SRV_470,Hyderabad,40.08,10.0,1136,2026-05-26 16:10:00
SRV_471,Pune,98.93,8.0,1865,2026-05-26 16:11:00
SRV_472,Hyderabad,55.8,2.0,1435,2026-05-26 16:12:00
SRV_473,Bangalore,57.87,,598,2026-05-26 16:13:00
SRV_474,Chennai,56.28,,102,2026-05-26 16:14:00
SRV_475,Chennai,65.72,,798,2026-05-26 16:15:00
SRV_476,Mumbai,52.26,2.0,1936,2026-05-26 16:16:00
SRV_477,Mumbai,,,1758,2026-05-26 16:17:00
SRV_478,Mumbai,51.55,7.0,1893,2026-05-26 16:18:00
SRV_479,Delhi,38.28,6.0,786,2026-05-26 16:19:00
SRV_480,Chennai,80.0,6.0,153,2026-05-26 16:20:00
SRV_481,Hyderabad,77.75,3.0,919,INVALID_DATE
SRV_482,Bangalore,20.28,,1602,2026-05-26 16:22:00
SRV_483,Hyderabad,47.95,,1981,2026-05-26 16:23:00
SRV_484,Mumbai,83.95,,1671,2026-05-26 16:24:00
SRV_485,Hyderabad,64.75,5.0,1708,2026-05-26 16:25:00
SRV_486,Bangalore,46.29,6.0,1090,2026-05-26 16:26:00
SRV_487,Hyderabad,77.48,8.0,491,2026-05-26 16:27:00
SRV_488,Chennai,39.87,,1593,2026-05-26 16:28:00
SRV_489,Mumbai,101.0,5.0,500,2026-05-26 16:29:00
SRV_490,Chennai,88.98,0.0,618,2026-05-25 10:00:00
SRV_491,Mumbai,31.31,4.0,545,2026-05-26 16:31:00
SRV_492,Mumbai,-10.0,9.0,696,2026-05-26 16:32:00
SRV_493,Pune,101.0,1.0,532,2026-05-26 16:33:00
SRV_494,Hyderabad,94.28,,1920,INVALID_DATE
SRV_495,Hyderabad,76.69,4.0,387,2026-05-26 16:35:00
SRV_496,Pune,49.85,,1865,2026-05-26 16:36:00
SRV_497,Pune,74.5,5.0,409,2026-05-26 16:37:00
SRV_498,Mumbai,60.91,,762,2026-05-26 16:38:00
SRV_499,Hyderabad,32.48,,1549,2026-05-26 16:39:00
SRV_500,Bangalore,75.51,0.0,900,2026-05-26 16:40:00
SRV_501,Mumbai,101.0,8.0,324,2026-05-26 16:41:00
SRV_502,Bangalore,101.0,5.0,1745,2026-05-26 16:42:00
SRV_503,Bangalore,71.35,,378,2026-05-26 16:43:00
SRV_504,Delhi,95.71,7.0,1905,2026-05-26 16:44:00
SRV_505,Hyderabad,59.91,9.0,970,2026-05-26 16:45:00
SRV_506,Pune,,2.0,1830,2026-05-26 16:46:00
SRV_507,Pune,53.72,2.0,1016,2026-05-26 16:47:00
SRV_508,Mumbai,-10.0,1.0,1568,2026-05-26 16:48:00
SRV_509,Hyderabad,39.05,,1030,2026-05-26 16:49:00
SRV_510,Hyderabad,87.23,,724,2026-05-26 16:50:00
SRV_511,Delhi,54.52,3.0,359,2026-05-26 16:51:00
SRV_512,Hyderabad,36.93,1.0,456,2026-05-26 16:52:00
SRV_513,Bangalore,31.28,9.0,511,2026-05-26 16:53:00
SRV_514,Hyderabad,,,989,2026-05-26 16:54:00
SRV_515,Bangalore,91.4,,1118,2026-05-26 16:55:00
SRV_516,Chennai,,8.0,1432,INVALID_DATE
SRV_517,Pune,54.89,6.0,1466,2026-05-26 16:57:00
SRV_518,Delhi,150.0,8.0,104,2026-05-26 16:58:00
SRV_519,Chennai,53.03,,551,2026-05-26 16:59:00
SRV_520,Mumbai,47.88,,1972,2026-05-26 17:00:00
SRV_521,Hyderabad,44.13,,1110,2026-05-26 17:01:00
SRV_522,Mumbai,81.34,1.0,1618,2026-05-26 17:02:00
SRV_523,Delhi,22.91,0.0,814,2026-05-25 10:00:00
SRV_524,Pune,43.71,7.0,1182,2026-05-26 17:04:00
SRV_525,Pune,62.32,3.0,1178,2026-05-26 17:05:00
SRV_526,Mumbai,-10.0,,1980,2026-05-26 17:06:00
SRV_527,Chennai,73.46,,1300,2026-05-26 17:07:00
SRV_528,Delhi,90.42,8.0,894,2026-05-26 17:08:00
SRV_529,Bangalore,30.02,0.0,261,2026-05-23 10:00:00
SRV_530,Pune,150.0,,1849,2026-05-26 17:10:00
SRV_531,Bangalore,-10.0,,1945,2026-05-26 17:11:00
SRV_532,Mumbai,68.31,2.0,343,2026-05-26 17:12:00
SRV_533,Pune,29.78,1.0,1868,2026-05-26 17:13:00
SRV_534,Hyderabad,85.87,,1414,2026-05-26 17:14:00
SRV_535,Pune,53.2,,216,2026-05-26 17:15:00
SRV_536,Bangalore,,8.0,68,2026-05-26 17:16:00
SRV_537,Mumbai,96.29,,1614,2026-05-26 17:17:00
SRV_538,Pune,28.5,1.0,1039,2026-05-26 17:18:00
SRV_539,Chennai,29.39,,418,2026-05-26 17:19:00
SRV_540,Delhi,68.93,,836,2026-05-26 17:20:00
SRV_541,Pune,150.0,,1442,2026-05-26 17:21:00
SRV_542,Hyderabad,77.15,10.0,850,2026-05-26 17:22:00
SRV_543,Hyderabad,41.14,,185,2026-05-26 17:23:00
SRV_544,Pune,75.26,,589,INVALID_DATE
SRV_545,Hyderabad,61.65,2.0,1650,2026-05-26 17:25:00
SRV_546,Hyderabad,101.0,,1208,2026-05-26 17:26:00
SRV_547,Pune,-10.0,,1151,2026-05-26 17:27:00
SRV_548,Pune,,7.0,1207,2026-05-26 17:28:00
SRV_549,Mumbai,-10.0,,395,2026-05-26 17:29:00
SRV_550,Hyderabad,52.68,,921,2026-05-26 17:30:00
SRV_551,Chennai,30.86,9.0,1332,2026-05-26 17:31:00
SRV_552,Mumbai,45.76,9.0,1082,2026-05-26 17:32:00
SRV_553,Pune,40.54,,1826,2026-05-26 17:33:00
SRV_554,Delhi,61.63,,251,2026-05-26 17:34:00
SRV_555,Delhi,98.03,4.0,233,2026-05-26 17:35:00
SRV_556,Mumbai,,5.0,1086,2026-05-21 10:00:00
SRV_557,Pune,77.71,8.0,479,2026-05-26 17:37:00
SRV_558,Mumbai,86.59,9.0,1039,2026-05-21 10:00:00
SRV_559,Pune,50.45,,614,2026-05-26 17:39:00
SRV_560,Chennai,64.62,2.0,1775,2026-05-26 17:40:00
SRV_561,Chennai,32.33,,84,2026-05-26 17:41:00
SRV_562,Hyderabad,97.81,5.0,954,2026-05-26 17:42:00
SRV_563,Mumbai,55.5,,488,2026-05-26 17:43:00
SRV_564,Delhi,150.0,,665,2026-05-26 17:44:00
SRV_565,Bangalore,64.47,,873,2026-05-26 17:45:00
SRV_566,Hyderabad,,,1968,2026-05-26 17:46:00
SRV_567,Bangalore,89.01,,1083,2026-05-21 10:00:00
SRV_568,Mumbai,73.02,9.0,1848,2026-05-26 17:48:00
SRV_569,Hyderabad,24.53,3.0,1407,2026-05-26 17:49:00
SRV_570,Pune,50.27,,608,2026-05-26 17:50:00
SRV_571,Chennai,79.47,2.0,1363,2026-05-26 17:51:00
SRV_572,Hyderabad,73.28,1.0,1222,2026-05-26 17:52:00
SRV_573,Chennai,57.58,,452,2026-05-26 17:53:00
SRV_574,Bangalore,101.0,,1461,2026-05-26 17:54:00
SRV_575,Pune,35.18,,1997,2026-05-26 17:55:00
SRV_576,Pune,35.61,5.0,659,2026-05-21 10:00:00
SRV_577,Mumbai,27.16,,1710,2026-05-26 17:57:00
SRV_578,Pune,97.32,5.0,1868,2026-05-26 17:58:00
SRV_579,Bangalore,39.85,,1748,2026-05-26 17:59:00
SRV_580,Pune,150.0,1.0,211,2026-05-26 18:00:00
SRV_581,Hyderabad,84.94,2.0,1560,2026-05-26 18:01:00
SRV_582,Bangalore,65.95,,108,2026-05-26 18:02:00
SRV_583,Delhi,-10.0,,560,2026-05-26 18:03:00
SRV_584,Mumbai,96.28,2.0,223,2026-05-26 18:04:00
SRV_585,Bangalore,,10.0,941,2026-05-26 18:05:00
SRV_586,Mumbai,84.41,,1301,2026-05-26 18:06:00
SRV_587,Chennai,58.86,,507,2026-05-26 18:07:00
SRV_588,Mumbai,46.88,,489,2026-05-26 18:08:00
SRV_589,Delhi,67.37,,1350,2026-05-26 18:09:00
SRV_590,Pune,54.47,4.0,657,INVALID_DATE
SRV_591,Delhi,91.71,2.0,651,2026-05-26 18:11:00
SRV_592,Delhi,35.74,,1416,2026-05-26 18:12:00
SRV_593,Chennai,77.61,1.0,293,2026-05-25 10:00:00
SRV_594,Hyderabad,92.62,,1759,2026-05-26 18:14:00
SRV_595,Mumbai,20.53,,1085,2026-05-21 10:00:00
SRV_596,Mumbai,46.61,1.0,752,2026-05-26 18:16:00
SRV_597,Pune,70.58,,1871,2026-05-26 18:17:00
SRV_598,Hyderabad,,1.0,1298,2026-05-26 18:18:00
SRV_599,Chennai,30.37,,324,INVALID_DATE
SRV_600,Pune,94.92,,329,2026-05-26 18:20:00
SRV_601,Hyderabad,90.85,6.0,1320,INVALID_DATE
SRV_602,Mumbai,73.55,8.0,1132,2026-05-24 10:00:00
SRV_603,Chennai,87.04,,1007,2026-05-26 18:23:00
SRV_604,Chennai,81.9,1.0,621,2026-05-26 18:24:00
SRV_605,Mumbai,42.14,,1174,2026-05-26 18:25:00
SRV_606,Delhi,37.04,4.0,1014,2026-05-26 18:26:00
SRV_607,Pune,83.95,10.0,705,2026-05-26 18:27:00
SRV_608,Mumbai,150.0,,1310,2026-05-26 18:28:00
SRV_609,Chennai,70.1,,720,2026-05-26 18:29:00
SRV_610,Chennai,57.06,2.0,284,2026-05-26 18:30:00
SRV_611,Chennai,49.83,,1732,2026-05-26 18:31:00
SRV_612,Mumbai,25.65,,629,2026-05-26 18:32:00
SRV_613,Hyderabad,95.49,1.0,1438,2026-05-26 18:33:00
SRV_614,Delhi,61.43,10.0,723,2026-05-26 18:34:00
SRV_615,Chennai,75.26,,471,INVALID_DATE
SRV_616,Pune,24.81,,1447,2026-05-26 18:36:00
SRV_617,Hyderabad,55.94,1.0,1528,2026-05-26 18:37:00
SRV_618,Bangalore,70.4,,662,2026-05-26 18:38:00
SRV_619,Bangalore,,10.0,1002,2026-05-26 18:39:00
SRV_620,Pune,32.19,,1802,2026-05-26 18:40:00
SRV_621,Chennai,59.86,5.0,1234,2026-05-26 18:41:00
SRV_622,Chennai,38.89,,265,2026-05-26 18:42:00
SRV_623,Chennai,34.14,5.0,1931,2026-05-26 18:43:00
SRV_624,Hyderabad,27.83,,603,2026-05-26 18:44:00
SRV_625,Hyderabad,101.0,,940,2026-05-26 18:45:00
SRV_626,Mumbai,43.07,9.0,1295,2026-05-26 18:46:00
SRV_627,Delhi,150.0,9.0,1308,2026-05-26 18:47:00
SRV_628,Hyderabad,86.23,5.0,611,2026-05-26 18:48:00
SRV_629,Hyderabad,21.35,1.0,1699,2026-05-26 18:49:00
SRV_630,Mumbai,,,803,2026-05-26 18:50:00
SRV_631,Bangalore,59.51,,168,INVALID_DATE
SRV_632,Pune,37.19,4.0,1349,2026-05-26 18:52:00
SRV_633,Chennai,54.12,,408,2026-05-26 18:53:00
SRV_634,Bangalore,101.0,,1008,2026-05-26 18:54:00
SRV_635,Delhi,65.44,1.0,383,2026-05-26 18:55:00
SRV_636,Pune,37.39,0.0,123,2026-05-26 18:56:00
SRV_637,Pune,101.0,1.0,1170,2026-05-26 18:57:00
SRV_638,Hyderabad,44.45,1.0,950,2026-05-26 18:58:00
SRV_639,Delhi,40.25,2.0,1411,2026-05-26 18:59:00
SRV_640,Pune,21.2,10.0,1944,2026-05-26 19:00:00
SRV_641,Bangalore,-10.0,,1646,2026-05-26 19:01:00
SRV_642,Hyderabad,101.0,,339,2026-05-26 19:02:00
SRV_643,Hyderabad,150.0,,1410,2026-05-26 19:03:00
SRV_644,Bangalore,47.74,,1512,INVALID_DATE
SRV_645,Hyderabad,96.95,,98,2026-05-26 19:05:00
SRV_646,Delhi,61.1,8.0,1700,2026-05-26 19:06:00
SRV_647,Pune,39.04,,1411,2026-05-21 10:00:00
SRV_648,Chennai,59.43,,279,2026-05-26 19:08:00
SRV_649,Bangalore,34.5,8.0,1049,2026-05-26 19:09:00
SRV_650,Hyderabad,64.88,,1072,2026-05-26 19:10:00
SRV_651,Delhi,24.74,,230,2026-05-26 19:11:00
SRV_652,Bangalore,41.42,8.0,1229,2026-05-26 19:12:00
SRV_653,Hyderabad,88.9,,1615,2026-05-26 19:13:00
SRV_654,Mumbai,57.94,0.0,868,2026-05-26 19:14:00
SRV_655,Bangalore,86.73,5.0,1351,2026-05-26 19:15:00
SRV_656,Pune,93.23,9.0,1972,2026-05-26 19:16:00
SRV_657,Chennai,90.76,,1081,2026-05-26 19:17:00
SRV_658,Delhi,57.62,2.0,1106,2026-05-26 19:18:00
SRV_659,Bangalore,74.7,,1437,2026-05-26 19:19:00
SRV_660,Mumbai,26.42,8.0,579,2026-05-26 19:20:00
SRV_661,Pune,86.12,0.0,1977,2026-05-26 19:21:00
SRV_662,Chennai,52.42,,1082,2026-05-26 19:22:00
SRV_663,Chennai,,0.0,52,2026-05-26 19:23:00
SRV_664,Delhi,81.68,0.0,1213,2026-05-23 10:00:00
SRV_665,Chennai,58.86,,893,2026-05-26 19:25:00
SRV_666,Hyderabad,-10.0,6.0,1806,2026-05-26 19:26:00
SRV_667,Hyderabad,72.32,,63,2026-05-26 19:27:00
SRV_668,Chennai,77.95,,1758,2026-05-26 19:28:00
SRV_669,Hyderabad,76.31,2.0,247,2026-05-26 19:29:00
SRV_670,Delhi,101.0,7.0,1997,2026-05-26 19:30:00
SRV_671,Delhi,73.01,,853,2026-05-26 19:31:00
SRV_672,Mumbai,45.01,,702,2026-05-26 19:32:00
SRV_673,Chennai,75.71,,1863,INVALID_DATE
SRV_674,Delhi,-10.0,,623,2026-05-26 19:34:00
SRV_675,Bangalore,22.68,,1311,2026-05-26 19:35:00
SRV_676,Delhi,22.12,9.0,1147,2026-05-26 19:36:00
SRV_677,Chennai,78.81,3.0,1106,2026-05-24 10:00:00
SRV_678,Chennai,55.31,,1112,2026-05-26 19:38:00
SRV_679,Delhi,60.63,,1609,2026-05-26 19:39:00
SRV_680,Delhi,75.64,2.0,1151,2026-05-26 19:40:00
SRV_681,Pune,101.0,1.0,904,2026-05-26 19:41:00
SRV_682,Bangalore,36.09,,624,2026-05-26 19:42:00
SRV_683,Delhi,101.0,,1690,2026-05-26 19:43:00
SRV_684,Chennai,68.4,,907,2026-05-26 19:44:00
SRV_685,Pune,35.13,1.0,699,2026-05-26 19:45:00
SRV_686,Pune,61.18,,1548,2026-05-26 19:46:00
SRV_687,Delhi,88.91,7.0,1284,2026-05-26 19:47:00
SRV_688,Delhi,68.13,3.0,195,2026-05-26 19:48:00
SRV_689,Bangalore,44.45,1.0,542,2026-05-26 19:49:00
SRV_690,Delhi,45.46,,903,2026-05-26 19:50:00
SRV_691,Chennai,93.87,,1839,INVALID_DATE
SRV_692,Hyderabad,23.75,5.0,1945,2026-05-26 19:52:00
SRV_693,Mumbai,-10.0,3.0,690,INVALID_DATE
SRV_694,Hyderabad,,,146,2026-05-26 19:54:00
SRV_695,Mumbai,95.25,,638,2026-05-22 10:00:00
SRV_696,Mumbai,84.86,,704,INVALID_DATE
SRV_697,Mumbai,-10.0,7.0,510,2026-05-21 10:00:00
SRV_698,Pune,92.07,10.0,1228,2026-05-26 19:58:00
SRV_699,Delhi,44.87,1.0,1498,2026-05-26 19:59:00
SRV_700,Hyderabad,67.25,,1779,2026-05-26 20:00:00
SRV_701,Pune,28.65,,1527,2026-05-26 20:01:00
SRV_702,Bangalore,67.85,8.0,1579,2026-05-26 20:02:00
SRV_703,Hyderabad,31.89,,1589,2026-05-26 20:03:00
SRV_704,Chennai,81.71,,207,2026-05-26 20:04:00
SRV_705,Hyderabad,47.97,,1128,2026-05-26 20:05:00
SRV_706,Hyderabad,-10.0,8.0,1280,2026-05-26 20:06:00
SRV_707,Bangalore,66.87,,1383,2026-05-26 20:07:00
SRV_708,Hyderabad,80.66,8.0,171,2026-05-26 20:08:00
SRV_709,Mumbai,85.92,0.0,1448,2026-05-26 20:09:00
SRV_710,Mumbai,60.62,0.0,1487,2026-05-26 20:10:00
SRV_711,Delhi,28.55,5.0,1392,2026-05-26 20:11:00
SRV_712,Delhi,39.27,,1390,2026-05-26 20:12:00
SRV_713,Bangalore,93.63,,1537,2026-05-26 20:13:00
SRV_714,Mumbai,48.47,,114,2026-05-26 20:14:00
SRV_715,Bangalore,82.31,,289,2026-05-26 20:15:00
SRV_716,Hyderabad,43.94,2.0,1159,2026-05-26 20:16:00
SRV_717,Chennai,21.17,,1463,2026-05-26 20:17:00
SRV_718,Chennai,79.58,,1618,2026-05-26 20:18:00
SRV_719,Bangalore,-10.0,,264,2026-05-26 20:19:00
SRV_720,Bangalore,86.11,8.0,1673,2026-05-26 20:20:00
SRV_721,Chennai,52.37,,1019,2026-05-26 20:21:00
SRV_722,Pune,31.04,4.0,1928,2026-05-26 20:22:00
SRV_723,Hyderabad,78.21,9.0,765,2026-05-26 20:23:00
SRV_724,Hyderabad,86.0,,448,2026-05-26 20:24:00
SRV_725,Delhi,58.35,10.0,565,2026-05-26 20:25:00
SRV_726,Chennai,22.7,,526,2026-05-26 20:26:00
SRV_727,Pune,101.0,0.0,603,2026-05-26 20:27:00
SRV_728,Pune,84.54,,367,2026-05-26 20:28:00
SRV_729,Chennai,150.0,4.0,545,2026-05-26 20:29:00
SRV_730,Bangalore,150.0,4.0,1245,2026-05-26 20:30:00
SRV_731,Pune,24.19,0.0,1789,2026-05-26 20:31:00
SRV_732,Bangalore,150.0,10.0,873,2026-05-26 20:32:00
SRV_733,Hyderabad,29.45,,82,2026-05-26 20:33:00
SRV_734,Chennai,88.31,,1234,2026-05-26 20:34:00
SRV_735,Bangalore,59.64,,211,2026-05-23 10:00:00
SRV_736,Chennai,76.01,10.0,843,2026-05-26 20:36:00
SRV_737,Delhi,96.13,3.0,1697,2026-05-26 20:37:00
SRV_738,Delhi,48.68,5.0,251,2026-05-26 20:38:00
SRV_739,Delhi,-10.0,3.0,887,2026-05-26 20:39:00
SRV_740,Bangalore,72.74,,225,2026-05-26 20:40:00
SRV_741,Pune,43.93,,111,2026-05-26 20:41:00
SRV_742,Bangalore,85.88,2.0,1758,2026-05-26 20:42:00
SRV_743,Hyderabad,73.92,,881,2026-05-26 20:43:00
SRV_744,Pune,65.04,,1200,2026-05-26 20:44:00
SRV_745,Delhi,66.58,3.0,1449,2026-05-26 20:45:00
SRV_746,Pune,48.75,1.0,1422,2026-05-26 20:46:00
SRV_747,Bangalore,150.0,8.0,1254,2026-05-26 20:47:00
SRV_748,Mumbai,59.5,,447,2026-05-26 20:48:00
SRV_749,Pune,79.87,,412,2026-05-26 20:49:00
SRV_750,Delhi,85.29,,1037,2026-05-26 20:50:00
SRV_751,Mumbai,52.74,5.0,1950,2026-05-26 20:51:00
SRV_752,Pune,86.31,,1681,2026-05-26 20:52:00
SRV_753,Chennai,66.68,,363,2026-05-26 20:53:00
SRV_754,Hyderabad,26.32,10.0,1817,2026-05-26 20:54:00
SRV_755,Chennai,,,1892,2026-05-26 20:55:00
SRV_756,Bangalore,101.0,,856,2026-05-26 20:56:00
SRV_757,Delhi,48.25,,795,2026-05-26 20:57:00
SRV_758,Chennai,150.0,3.0,1005,2026-05-26 20:58:00
SRV_759,Pune,56.84,,590,2026-05-26 20:59:00
SRV_760,Hyderabad,95.34,,1518,2026-05-26 21:00:00
SRV_761,Pune,39.12,5.0,304,2026-05-26 21:01:00
SRV_762,Hyderabad,63.21,,1156,2026-05-26 21:02:00
SRV_763,Pune,25.57,,1536,2026-05-26 21:03:00
SRV_764,Bangalore,67.43,10.0,96,2026-05-26 21:04:00
SRV_765,Pune,53.17,,1351,2026-05-26 21:05:00
SRV_766,Mumbai,84.61,,1154,2026-05-26 21:06:00
SRV_767,Hyderabad,,,659,2026-05-26 21:07:00
SRV_768,Mumbai,44.25,,1552,2026-05-26 21:08:00
SRV_769,Pune,101.0,9.0,1134,2026-05-26 21:09:00
SRV_770,Bangalore,55.29,8.0,54,2026-05-26 21:10:00
SRV_771,Mumbai,42.82,8.0,189,2026-05-26 21:11:00
SRV_772,Pune,59.87,,770,2026-05-26 21:12:00
SRV_773,Chennai,20.68,0.0,1304,2026-05-26 21:13:00
SRV_774,Delhi,37.84,,1973,2026-05-26 21:14:00
SRV_775,Hyderabad,36.98,0.0,173,2026-05-26 21:15:00
SRV_776,Pune,24.46,7.0,567,2026-05-26 21:16:00
SRV_777,Mumbai,85.19,7.0,1175,2026-05-26 21:17:00
SRV_778,Delhi,65.75,,174,2026-05-26 21:18:00
SRV_779,Hyderabad,,,141,2026-05-26 21:19:00
SRV_780,Chennai,41.77,,1351,2026-05-26 21:20:00
SRV_781,Chennai,47.16,7.0,1347,2026-05-26 21:21:00
SRV_782,Mumbai,82.67,,469,2026-05-26 21:22:00
SRV_783,Delhi,53.4,,389,2026-05-26 21:23:00
SRV_784,Pune,54.52,2.0,553,2026-05-26 21:24:00
SRV_785,Mumbai,25.36,,819,2026-05-26 21:25:00
SRV_786,Chennai,150.0,9.0,1089,2026-05-26 21:26:00
SRV_787,Hyderabad,,,1016,2026-05-26 21:27:00
SRV_788,Delhi,35.89,,60,2026-05-26 21:28:00
SRV_789,Mumbai,31.22,7.0,1878,2026-05-26 21:29:00
SRV_790,Delhi,85.51,3.0,1852,2026-05-26 21:30:00
SRV_791,Bangalore,55.62,2.0,1422,2026-05-26 21:31:00
SRV_792,Chennai,63.77,,1728,2026-05-26 21:32:00
SRV_793,Mumbai,101.0,,126,2026-05-26 21:33:00
SRV_794,Pune,-10.0,7.0,1539,2026-05-26 21:34:00
SRV_795,Delhi,49.29,4.0,1584,2026-05-26 21:35:00
SRV_796,Bangalore,68.53,5.0,1083,2026-05-26 21:36:00
SRV_797,Delhi,58.4,,343,2026-05-26 21:37:00
SRV_798,Chennai,92.37,,1526,2026-05-26 21:38:00
SRV_799,Hyderabad,95.17,9.0,1045,2026-05-25 10:00:00
SRV_800,Mumbai,79.14,,1932,2026-05-26 21:40:00
SRV_801,Hyderabad,54.14,,120,2026-05-26 21:41:00
SRV_802,Delhi,79.13,,1097,2026-05-21 10:00:00
SRV_803,Pune,85.93,,1606,2026-05-23 10:00:00
SRV_804,Mumbai,,6.0,1721,2026-05-26 21:44:00
SRV_805,Bangalore,74.75,,435,2026-05-26 21:45:00
SRV_806,Pune,101.0,,926,2026-05-26 21:46:00
SRV_807,Delhi,76.3,8.0,1200,2026-05-26 21:47:00
SRV_808,Chennai,150.0,,79,2026-05-26 21:48:00
SRV_809,Hyderabad,45.84,,223,2026-05-26 21:49:00
SRV_810,Delhi,90.35,7.0,985,2026-05-26 21:50:00
SRV_811,Pune,25.03,,1726,2026-05-26 21:51:00
SRV_812,Pune,43.98,,222,2026-05-26 21:52:00
SRV_813,Bangalore,150.0,0.0,1949,2026-05-26 21:53:00
SRV_814,Hyderabad,64.9,8.0,292,2026-05-26 21:54:00
SRV_815,Chennai,94.18,8.0,1328,INVALID_DATE
SRV_816,Bangalore,81.68,,1917,2026-05-26 21:56:00
SRV_817,Chennai,71.38,,773,2026-05-26 21:57:00
SRV_818,Pune,28.07,,1649,2026-05-26 21:58:00
SRV_819,Delhi,38.56,,1437,2026-05-26 21:59:00
SRV_820,Bangalore,,3.0,930,2026-05-26 22:00:00
SRV_821,Chennai,46.56,,1475,2026-05-26 22:01:00
SRV_822,Pune,89.77,7.0,143,2026-05-26 22:02:00
SRV_823,Pune,53.99,6.0,353,2026-05-26 22:03:00
SRV_824,Chennai,94.85,,1249,2026-05-26 22:04:00
SRV_825,Hyderabad,,3.0,1645,2026-05-26 22:05:00
SRV_826,Bangalore,71.67,5.0,1594,2026-05-26 22:06:00
SRV_827,Bangalore,33.06,2.0,264,2026-05-26 22:07:00
SRV_828,Bangalore,24.08,,1192,2026-05-26 22:08:00
SRV_829,Pune,51.9,4.0,794,2026-05-26 22:09:00
SRV_830,Chennai,98.14,,610,2026-05-26 22:10:00
SRV_831,Pune,90.94,,452,2026-05-26 22:11:00
SRV_832,Mumbai,53.66,8.0,653,2026-05-26 22:12:00
SRV_833,Chennai,46.08,5.0,1569,2026-05-26 22:13:00
SRV_834,Pune,58.79,,922,2026-05-26 22:14:00
SRV_835,Chennai,-10.0,,1777,2026-05-26 22:15:00
SRV_836,Hyderabad,49.34,,730,2026-05-26 22:16:00
SRV_837,Pune,71.23,,603,2026-05-26 22:17:00
SRV_838,Delhi,77.37,4.0,382,2026-05-26 22:18:00
SRV_839,Bangalore,61.77,,180,2026-05-26 22:19:00
SRV_840,Bangalore,34.86,1.0,523,2026-05-26 22:20:00
SRV_841,Bangalore,65.88,,1638,2026-05-26 22:21:00
SRV_842,Delhi,,,1498,2026-05-26 22:22:00
SRV_843,Pune,45.5,5.0,1579,2026-05-26 22:23:00
SRV_844,Hyderabad,21.73,0.0,472,2026-05-26 22:24:00
SRV_845,Pune,42.71,10.0,1136,2026-05-26 22:25:00
SRV_846,Pune,41.5,0.0,1519,2026-05-26 22:26:00
SRV_847,Mumbai,38.19,,649,2026-05-26 22:27:00
SRV_848,Hyderabad,-10.0,7.0,123,2026-05-26 22:28:00
SRV_849,Mumbai,96.05,1.0,1676,2026-05-26 22:29:00
SRV_850,Chennai,57.99,0.0,311,2026-05-26 22:30:00
SRV_851,Bangalore,81.22,0.0,1378,2026-05-26 22:31:00
SRV_852,Mumbai,20.48,,723,2026-05-26 22:32:00
SRV_853,Delhi,-10.0,,1144,2026-05-26 22:33:00
SRV_854,Hyderabad,54.57,,133,2026-05-23 10:00:00
SRV_855,Chennai,92.27,,1498,2026-05-26 22:35:00
SRV_856,Chennai,101.0,,1002,2026-05-26 22:36:00
SRV_857,Chennai,34.79,7.0,338,2026-05-26 22:37:00
SRV_858,Bangalore,150.0,,1501,2026-05-26 22:38:00
SRV_859,Delhi,47.2,4.0,869,2026-05-26 22:39:00
SRV_860,Chennai,24.15,1.0,1870,2026-05-26 22:40:00
SRV_861,Hyderabad,59.76,9.0,574,2026-05-26 22:41:00
SRV_862,Chennai,88.7,3.0,1731,2026-05-26 22:42:00
SRV_863,Pune,27.5,9.0,1657,2026-05-23 10:00:00
SRV_864,Delhi,26.81,,153,2026-05-26 22:44:00
SRV_865,Bangalore,71.39,4.0,695,2026-05-26 22:45:00
SRV_866,Mumbai,84.74,0.0,1203,2026-05-26 22:46:00
SRV_867,Delhi,30.95,,1216,2026-05-26 22:47:00
SRV_868,Mumbai,79.34,,1777,2026-05-26 22:48:00
SRV_869,Mumbai,58.25,4.0,1842,INVALID_DATE
SRV_870,Pune,-10.0,4.0,443,2026-05-26 22:50:00
SRV_871,Bangalore,81.02,,1159,2026-05-26 22:51:00
SRV_872,Delhi,26.59,10.0,341,2026-05-26 22:52:00
SRV_873,Pune,24.08,,1195,2026-05-26 22:53:00
SRV_874,Mumbai,83.37,,1359,2026-05-26 22:54:00
SRV_875,Delhi,29.29,,1689,2026-05-26 22:55:00
SRV_876,Mumbai,73.76,,253,2026-05-26 22:56:00
SRV_877,Hyderabad,94.86,,1116,2026-05-26 22:57:00
SRV_878,Chennai,94.03,3.0,1517,2026-05-26 22:58:00
SRV_879,Hyderabad,67.09,,1477,2026-05-26 22:59:00
SRV_880,Pune,57.36,2.0,959,2026-05-26 23:00:00
SRV_881,Chennai,67.5,,1098,2026-05-26 23:01:00
SRV_882,Bangalore,38.42,5.0,272,2026-05-26 23:02:00
SRV_883,Bangalore,58.63,7.0,551,2026-05-26 23:03:00
SRV_884,Mumbai,-10.0,,630,2026-05-26 23:04:00
SRV_885,Delhi,25.63,,997,2026-05-26 23:05:00
SRV_886,Mumbai,59.21,1.0,1833,2026-05-25 10:00:00
SRV_887,Bangalore,22.68,,691,2026-05-26 23:07:00
SRV_888,Bangalore,39.99,,1114,2026-05-26 23:08:00
SRV_889,Bangalore,51.71,,785,2026-05-26 23:09:00
SRV_890,Delhi,86.31,,1536,2026-05-26 23:10:00
SRV_891,Delhi,,4.0,1141,2026-05-26 23:11:00
SRV_892,Mumbai,83.1,,798,2026-05-26 23:12:00
SRV_893,Delhi,150.0,,1667,2026-05-26 23:13:00
SRV_894,Mumbai,68.2,,1245,2026-05-26 23:14:00
SRV_895,Bangalore,,,1659,2026-05-26 23:15:00
SRV_896,Bangalore,57.97,7.0,778,2026-05-26 23:16:00
SRV_897,Hyderabad,38.82,6.0,799,2026-05-26 23:17:00
SRV_898,Hyderabad,26.08,,566,2026-05-26 23:18:00
SRV_899,Bangalore,62.05,,207,2026-05-26 23:19:00
SRV_900,Hyderabad,50.99,,1761,2026-05-26 23:20:00
SRV_901,Bangalore,39.22,7.0,1551,2026-05-26 23:21:00
SRV_902,Chennai,88.16,,228,2026-05-26 23:22:00
SRV_903,Delhi,42.36,7.0,402,2026-05-26 23:23:00
SRV_904,Pune,150.0,0.0,1405,2026-05-26 23:24:00
SRV_905,Hyderabad,71.16,,127,2026-05-26 23:25:00
SRV_906,Delhi,87.15,6.0,1354,2026-05-26 23:26:00
SRV_907,Chennai,91.09,,1951,INVALID_DATE
SRV_908,Mumbai,-10.0,10.0,814,2026-05-26 23:28:00
SRV_909,Delhi,83.94,7.0,391,2026-05-26 23:29:00
SRV_910,Bangalore,87.05,,1771,2026-05-26 23:30:00
SRV_911,Chennai,32.15,,1728,2026-05-26 23:31:00
SRV_912,Mumbai,32.72,,1528,2026-05-26 23:32:00
SRV_913,Mumbai,49.76,10.0,1906,2026-05-26 23:33:00
SRV_914,Hyderabad,53.78,0.0,1793,2026-05-26 23:34:00
SRV_915,Chennai,97.21,,258,2026-05-26 23:35:00
SRV_916,Mumbai,87.12,,64,2026-05-26 23:36:00
SRV_917,Bangalore,67.55,,328,2026-05-26 23:37:00
SRV_918,Pune,79.75,8.0,1703,2026-05-26 23:38:00
SRV_919,Delhi,69.6,1.0,1735,2026-05-26 23:39:00
SRV_920,Chennai,83.29,,1142,2026-05-26 23:40:00
SRV_921,Delhi,,,806,2026-05-26 23:41:00
SRV_922,Pune,62.18,9.0,1700,2026-05-26 23:42:00
SRV_923,Mumbai,91.52,,1328,INVALID_DATE
SRV_924,Chennai,71.68,,824,2026-05-26 23:44:00
SRV_925,Bangalore,-10.0,,1052,2026-05-25 10:00:00
SRV_926,Chennai,42.14,9.0,1490,2026-05-26 23:46:00
SRV_927,Chennai,77.78,8.0,813,2026-05-26 23:47:00
SRV_928,Delhi,36.68,,1920,2026-05-26 23:48:00
SRV_929,Bangalore,28.91,0.0,1479,2026-05-26 23:49:00
SRV_930,Mumbai,58.3,,1718,2026-05-26 23:50:00
SRV_931,Chennai,91.02,7.0,165,2026-05-26 23:51:00
SRV_932,Bangalore,,,853,2026-05-26 23:52:00
SRV_933,Bangalore,60.05,5.0,621,2026-05-26 23:53:00
SRV_934,Delhi,81.02,2.0,551,2026-05-26 23:54:00
SRV_935,Pune,43.16,,555,2026-05-26 23:55:00
SRV_936,Mumbai,91.1,,1403,2026-05-26 23:56:00
SRV_937,Mumbai,67.22,2.0,438,2026-05-26 23:57:00
SRV_938,Hyderabad,60.97,3.0,1729,2026-05-26 23:58:00
SRV_939,Hyderabad,50.8,7.0,600,2026-05-26 23:59:00
SRV_940,Pune,101.0,,740,2026-05-24 10:00:00
SRV_941,Bangalore,97.41,,339,2026-05-27 00:01:00
SRV_942,Chennai,43.73,,808,2026-05-27 00:02:00
SRV_943,Pune,50.56,,1946,2026-05-27 00:03:00
SRV_944,Bangalore,27.86,,1439,2026-05-27 00:04:00
SRV_945,Bangalore,57.62,5.0,829,2026-05-27 00:05:00
SRV_946,Mumbai,61.64,,392,2026-05-27 00:06:00
SRV_947,Hyderabad,25.11,,822,2026-05-27 00:07:00
SRV_948,Mumbai,54.36,3.0,1729,2026-05-27 00:08:00
SRV_949,Mumbai,58.87,8.0,1683,2026-05-27 00:09:00
SRV_950,Chennai,81.97,1.0,1632,2026-05-27 00:10:00
SRV_951,Bangalore,89.33,,993,2026-05-27 00:11:00
SRV_952,Pune,49.09,6.0,1502,2026-05-27 00:12:00
SRV_953,Hyderabad,53.22,,1805,2026-05-27 00:13:00
SRV_954,Chennai,50.68,5.0,1526,2026-05-27 00:14:00
SRV_955,Bangalore,91.47,5.0,1253,2026-05-23 10:00:00
SRV_956,Chennai,35.0,0.0,1931,2026-05-27 00:16:00
SRV_957,Hyderabad,88.43,4.0,598,2026-05-27 00:17:00
SRV_958,Hyderabad,90.9,,1327,2026-05-27 00:18:00
SRV_959,Bangalore,101.0,,1839,2026-05-27 00:19:00
SRV_960,Chennai,-10.0,0.0,1070,2026-05-27 00:20:00
SRV_961,Chennai,101.0,,585,2026-05-27 00:21:00
SRV_962,Delhi,53.56,,1645,2026-05-27 00:22:00
SRV_963,Mumbai,22.82,6.0,281,2026-05-27 00:23:00
SRV_964,Pune,88.54,8.0,1937,2026-05-24 10:00:00
SRV_965,Delhi,55.47,10.0,1993,2026-05-27 00:25:00
SRV_966,Chennai,69.03,,883,2026-05-27 00:26:00
SRV_967,Delhi,31.47,2.0,1007,2026-05-27 00:27:00
SRV_968,Mumbai,31.53,,1065,2026-05-22 10:00:00
SRV_969,Bangalore,44.99,,696,INVALID_DATE
SRV_970,Chennai,41.52,6.0,1235,2026-05-27 00:30:00
SRV_971,Mumbai,55.71,,1235,2026-05-22 10:00:00
SRV_972,Pune,-10.0,,1787,INVALID_DATE
SRV_973,Delhi,78.49,3.0,702,2026-05-27 00:33:00
SRV_974,Chennai,41.69,2.0,1017,2026-05-27 00:34:00
SRV_975,Bangalore,84.12,,1485,2026-05-27 00:35:00
SRV_976,Pune,23.82,,752,2026-05-27 00:36:00
SRV_977,Pune,150.0,1.0,1504,2026-05-27 00:37:00
SRV_978,Pune,84.35,,403,2026-05-27 00:38:00
SRV_979,Chennai,50.04,3.0,1964,2026-05-27 00:39:00
SRV_980,Chennai,25.06,3.0,612,2026-05-27 00:40:00
SRV_981,Hyderabad,94.42,2.0,1627,2026-05-27 00:41:00
SRV_982,Pune,-10.0,10.0,203,2026-05-27 00:42:00
SRV_983,Pune,68.52,0.0,1559,2026-05-27 00:43:00
SRV_984,Mumbai,95.09,3.0,671,2026-05-27 00:44:00
SRV_985,Chennai,82.05,,1271,2026-05-27 00:45:00
SRV_986,Chennai,31.35,,538,2026-05-27 00:46:00
SRV_987,Mumbai,,3.0,59,2026-05-27 00:47:00
SRV_988,Delhi,-10.0,,1972,2026-05-27 00:48:00
SRV_989,Chennai,96.01,5.0,128,2026-05-27 00:49:00
SRV_990,Chennai,,,333,2026-05-27 00:50:00
SRV_991,Mumbai,36.27,,464,2026-05-27 00:51:00
SRV_992,Delhi,88.14,,97,2026-05-27 00:52:00
SRV_993,Chennai,75.26,10.0,50,2026-05-27 00:53:00
SRV_994,Bangalore,67.25,,172,2026-05-27 00:54:00
SRV_995,Bangalore,66.71,10.0,460,2026-05-27 00:55:00
SRV_996,Pune,63.45,,1173,2026-05-27 00:56:00
SRV_997,Mumbai,40.8,9.0,1207,2026-05-27 00:57:00
SRV_998,Delhi,50.14,1.0,982,2026-05-27 00:58:00
SRV_999,Pune,22.6,,1734,2026-05-27 00:59:00
SRV_1000,Bangalore,57.44,5.0,168,2026-05-27 01:00:00
SRV_1001,Pune,-10.0,1.0,1681,2026-05-27 01:01:00
SRV_1002,Pune,61.5,,1218,2026-05-27 01:02:00
SRV_1003,Chennai,-10.0,,1977,2026-05-27 01:03:00
SRV_1004,Chennai,-10.0,6.0,358,2026-05-27 01:04:00
SRV_1005,Bangalore,41.81,0.0,738,2026-05-27 01:05:00
SRV_1006,Bangalore,46.74,8.0,330,2026-05-27 01:06:00
SRV_1007,Bangalore,75.02,,778,2026-05-27 01:07:00
SRV_1008,Pune,,,773,2026-05-27 01:08:00
SRV_1009,Pune,81.27,,460,2026-05-27 01:09:00
SRV_1010,Mumbai,54.94,9.0,521,2026-05-27 01:10:00
SRV_1011,Hyderabad,49.73,,1120,2026-05-27 01:11:00
SRV_1012,Delhi,29.31,0.0,1677,2026-05-27 01:12:00
SRV_1013,Chennai,75.34,10.0,860,2026-05-27 01:13:00
SRV_1014,Pune,54.09,5.0,1273,2026-05-27 01:14:00
SRV_1015,Bangalore,43.88,,1876,2026-05-27 01:15:00
SRV_1016,Pune,70.16,9.0,1335,2026-05-27 01:16:00
SRV_1017,Pune,77.75,,1816,2026-05-27 01:17:00
SRV_1018,Bangalore,75.31,4.0,1292,2026-05-27 01:18:00
SRV_1019,Delhi,85.89,5.0,1676,2026-05-27 01:19:00
SRV_1020,Mumbai,55.75,2.0,68,2026-05-27 01:20:00
SRV_1021,Pune,95.4,4.0,1534,2026-05-27 01:21:00
SRV_1022,Bangalore,76.07,,1690,2026-05-27 01:22:00
SRV_1023,Mumbai,39.09,,500,2026-05-27 01:23:00
SRV_1024,Mumbai,28.34,,1271,2026-05-27 01:24:00
SRV_1025,Bangalore,41.41,10.0,332,2026-05-27 01:25:00
SRV_1026,Mumbai,150.0,,130,2026-05-27 01:26:00
SRV_1027,Pune,52.88,,1565,2026-05-27 01:27:00
SRV_1028,Mumbai,94.85,,802,2026-05-27 01:28:00
SRV_1029,Delhi,66.24,3.0,1055,INVALID_DATE
SRV_1030,Delhi,91.63,5.0,1466,2026-05-27 01:30:00
SRV_1031,Bangalore,43.58,2.0,272,2026-05-27 01:31:00
SRV_1032,Delhi,24.63,3.0,1750,2026-05-27 01:32:00
SRV_1033,Delhi,26.58,,966,2026-05-27 01:33:00
SRV_1034,Chennai,88.98,,987,2026-05-27 01:34:00
SRV_1035,Bangalore,30.47,,1794,2026-05-27 01:35:00
SRV_1036,Delhi,101.0,3.0,1947,2026-05-27 01:36:00
SRV_1037,Hyderabad,53.27,,1988,2026-05-27 01:37:00
SRV_1038,Hyderabad,98.04,,484,2026-05-27 01:38:00
SRV_1039,Hyderabad,55.62,5.0,699,2026-05-27 01:39:00
SRV_1040,Pune,101.0,,542,2026-05-27 01:40:00
SRV_1041,Mumbai,-10.0,,1064,2026-05-27 01:41:00
SRV_1042,Chennai,,5.0,1668,2026-05-27 01:42:00
SRV_1043,Delhi,21.51,4.0,1756,2026-05-27 01:43:00
SRV_1044,Delhi,67.31,,1807,2026-05-27 01:44:00
SRV_1045,Delhi,52.43,,1190,2026-05-27 01:45:00
SRV_1046,Pune,69.14,5.0,1908,2026-05-27 01:46:00
SRV_1047,Hyderabad,46.77,10.0,1547,2026-05-27 01:47:00
SRV_1048,Delhi,29.94,10.0,1472,2026-05-27 01:48:00
SRV_1049,Mumbai,66.91,,1118,2026-05-27 01:49:00
SRV_1050,Mumbai,24.19,10.0,1641,2026-05-27 01:50:00
SRV_1051,Mumbai,73.98,,649,2026-05-27 01:51:00
SRV_1052,Delhi,79.99,,323,2026-05-27 01:52:00
SRV_1053,Mumbai,94.32,,196,2026-05-27 01:53:00
SRV_1054,Pune,38.47,,157,2026-05-27 01:54:00
SRV_1055,Hyderabad,90.49,10.0,283,2026-05-27 01:55:00
SRV_1056,Mumbai,67.24,,1166,2026-05-27 01:56:00
SRV_1057,Bangalore,69.29,2.0,568,2026-05-27 01:57:00
SRV_1058,Pune,73.96,2.0,795,2026-05-27 01:58:00
SRV_1059,Hyderabad,45.06,,904,2026-05-27 01:59:00
SRV_1060,Pune,90.76,7.0,440,2026-05-27 02:00:00
SRV_1061,Pune,27.91,,857,INVALID_DATE
SRV_1062,Bangalore,97.9,,1065,2026-05-27 02:02:00
SRV_1063,Hyderabad,27.16,7.0,729,2026-05-27 02:03:00
SRV_1064,Chennai,70.23,,900,2026-05-27 02:04:00
SRV_1065,Bangalore,82.6,,1710,2026-05-27 02:05:00
SRV_1066,Mumbai,43.56,1.0,1478,2026-05-27 02:06:00
SRV_1067,Delhi,77.92,10.0,507,2026-05-27 02:07:00
SRV_1068,Chennai,89.55,,1071,2026-05-27 02:08:00
SRV_1069,Delhi,83.38,,1894,2026-05-25 10:00:00
SRV_1070,Mumbai,84.67,,1176,2026-05-27 02:10:00
SRV_1071,Pune,75.77,10.0,1298,2026-05-27 02:11:00
SRV_1072,Mumbai,53.37,,1127,2026-05-27 02:12:00
SRV_1073,Hyderabad,84.77,6.0,722,2026-05-27 02:13:00
SRV_1074,Delhi,61.39,,1427,2026-05-27 02:14:00
SRV_1075,Pune,25.17,4.0,128,2026-05-27 02:15:00
SRV_1076,Bangalore,-10.0,,365,2026-05-27 02:16:00
SRV_1077,Bangalore,31.35,2.0,1091,2026-05-27 02:17:00
SRV_1078,Delhi,28.78,4.0,1580,2026-05-22 10:00:00
SRV_1079,Bangalore,150.0,,848,INVALID_DATE
SRV_1080,Hyderabad,92.2,,1534,2026-05-27 02:20:00
SRV_1081,Pune,-10.0,,917,2026-05-27 02:21:00
SRV_1082,Mumbai,42.66,,1552,2026-05-27 02:22:00
SRV_1083,Chennai,26.78,,1648,2026-05-27 02:23:00
SRV_1084,Delhi,21.77,5.0,311,2026-05-27 02:24:00
SRV_1085,Pune,60.33,5.0,1776,2026-05-23 10:00:00
SRV_1086,Delhi,50.38,,1462,2026-05-27 02:26:00
SRV_1087,Chennai,80.47,,1207,2026-05-24 10:00:00
SRV_1088,Chennai,70.37,1.0,1180,2026-05-27 02:28:00
SRV_1089,Mumbai,82.64,,1559,INVALID_DATE
SRV_1090,Mumbai,77.6,4.0,841,2026-05-27 02:30:00
SRV_1091,Pune,48.04,,1719,2026-05-27 02:31:00
SRV_1092,Hyderabad,76.65,9.0,718,2026-05-27 02:32:00
SRV_1093,Hyderabad,43.85,7.0,1514,2026-05-27 02:33:00
SRV_1094,Pune,,,1215,2026-05-27 02:34:00
SRV_1095,Pune,101.0,5.0,509,2026-05-27 02:35:00
SRV_1096,Hyderabad,31.95,,1878,2026-05-27 02:36:00
SRV_1097,Hyderabad,101.0,8.0,1563,2026-05-27 02:37:00
SRV_1098,Pune,150.0,,645,2026-05-27 02:38:00
SRV_1099,Bangalore,150.0,,794,2026-05-27 02:39:00
SRV_1100,Mumbai,30.92,,174,2026-05-27 02:40:00
SRV_1101,Hyderabad,,6.0,1209,2026-05-27 02:41:00
SRV_1102,Pune,94.48,9.0,1438,INVALID_DATE
SRV_1103,Hyderabad,22.34,3.0,496,2026-05-27 02:43:00
SRV_1104,Chennai,33.33,0.0,1005,2026-05-27 02:44:00
SRV_1105,Chennai,52.02,6.0,506,INVALID_DATE
SRV_1106,Hyderabad,43.87,9.0,1361,2026-05-27 02:46:00
SRV_1107,Bangalore,81.31,,1133,2026-05-27 02:47:00
SRV_1108,Bangalore,97.65,6.0,1003,2026-05-27 02:48:00
SRV_1109,Delhi,-10.0,1.0,1208,2026-05-27 02:49:00
SRV_1110,Hyderabad,67.15,4.0,998,2026-05-27 02:50:00
SRV_1111,Bangalore,92.43,,529,2026-05-27 02:51:00
SRV_1112,Bangalore,29.82,,53,2026-05-27 02:52:00
SRV_1113,Mumbai,90.36,,1834,2026-05-27 02:53:00
SRV_1114,Bangalore,94.7,,1751,2026-05-27 02:54:00
SRV_1115,Chennai,93.01,3.0,1476,2026-05-27 02:55:00
SRV_1116,Mumbai,74.96,,1030,2026-05-27 02:56:00
SRV_1117,Chennai,31.09,,1283,2026-05-22 10:00:00
SRV_1118,Pune,46.04,3.0,897,2026-05-27 02:58:00
SRV_1119,Chennai,51.59,,1003,2026-05-27 02:59:00
SRV_1120,Hyderabad,98.14,,776,INVALID_DATE
SRV_1121,Hyderabad,22.39,,281,2026-05-27 03:01:00
SRV_1122,Bangalore,58.22,9.0,1428,2026-05-27 03:02:00
SRV_1123,Chennai,20.24,,1814,2026-05-27 03:03:00
SRV_1124,Pune,55.15,10.0,190,2026-05-27 03:04:00
SRV_1125,Delhi,33.72,5.0,267,2026-05-27 03:05:00
SRV_1126,Pune,24.5,,1396,2026-05-27 03:06:00
SRV_1127,Chennai,,5.0,1151,2026-05-27 03:07:00
SRV_1128,Hyderabad,150.0,3.0,549,2026-05-27 03:08:00
SRV_1129,Pune,83.21,,767,2026-05-27 03:09:00
SRV_1130,Delhi,95.46,0.0,1217,2026-05-27 03:10:00
SRV_1131,Mumbai,20.71,,1442,INVALID_DATE
SRV_1132,Delhi,92.34,,997,2026-05-27 03:12:00
SRV_1133,Hyderabad,33.72,7.0,1477,INVALID_DATE
SRV_1134,Delhi,60.92,3.0,424,2026-05-27 03:14:00
SRV_1135,Chennai,25.26,6.0,391,2026-05-27 03:15:00
SRV_1136,Hyderabad,101.0,9.0,903,2026-05-27 03:16:00
SRV_1137,Pune,,,907,2026-05-27 03:17:00
SRV_1138,Delhi,49.12,4.0,567,2026-05-27 03:18:00
SRV_1139,Pune,,6.0,1663,2026-05-27 03:19:00
SRV_1140,Hyderabad,35.68,3.0,1224,2026-05-27 03:20:00
SRV_1141,Chennai,80.1,,814,2026-05-23 10:00:00
SRV_1142,Mumbai,86.37,,1229,2026-05-27 03:22:00
SRV_1143,Bangalore,27.48,,1033,2026-05-27 03:23:00
SRV_1144,Mumbai,64.47,2.0,1379,2026-05-27 03:24:00
SRV_1145,Pune,-10.0,,1474,2026-05-27 03:25:00
SRV_1146,Mumbai,80.23,1.0,503,2026-05-27 03:26:00
SRV_1147,Bangalore,60.45,,1066,2026-05-27 03:27:00
SRV_1148,Mumbai,,9.0,1076,2026-05-25 10:00:00
SRV_1149,Delhi,80.47,0.0,1223,2026-05-27 03:29:00
SRV_1150,Hyderabad,67.97,,858,2026-05-27 03:30:00
SRV_1151,Delhi,59.48,1.0,1420,2026-05-27 03:31:00
SRV_1152,Hyderabad,37.98,10.0,1371,2026-05-27 03:32:00
SRV_1153,Delhi,57.23,,1298,2026-05-25 10:00:00
SRV_1154,Chennai,31.44,10.0,1692,2026-05-27 03:34:00
SRV_1155,Delhi,81.65,0.0,1159,2026-05-27 03:35:00
SRV_1156,Pune,72.23,,482,2026-05-27 03:36:00
SRV_1157,Bangalore,34.31,,1378,2026-05-27 03:37:00
SRV_1158,Pune,23.36,10.0,891,2026-05-27 03:38:00
SRV_1159,Delhi,63.47,,1284,2026-05-27 03:39:00
SRV_1160,Delhi,61.85,,1429,2026-05-27 03:40:00
SRV_1161,Delhi,44.15,5.0,378,2026-05-23 10:00:00
SRV_1162,Mumbai,46.18,,1128,2026-05-27 03:42:00
SRV_1163,Chennai,,2.0,1006,2026-05-27 03:43:00
SRV_1164,Bangalore,23.49,6.0,116,2026-05-27 03:44:00
SRV_1165,Delhi,56.91,3.0,751,2026-05-27 03:45:00
SRV_1166,Delhi,77.92,1.0,1572,2026-05-27 03:46:00
SRV_1167,Bangalore,95.84,,151,2026-05-27 03:47:00
SRV_1168,Chennai,40.06,,497,2026-05-27 03:48:00
SRV_1169,Pune,37.36,,618,2026-05-27 03:49:00
SRV_1170,Delhi,43.6,,1841,2026-05-27 03:50:00
SRV_1171,Mumbai,-10.0,,173,2026-05-27 03:51:00
SRV_1172,Pune,66.42,5.0,592,2026-05-27 03:52:00
SRV_1173,Bangalore,92.2,1.0,1963,2026-05-27 03:53:00
SRV_1174,Bangalore,25.89,,713,2026-05-27 03:54:00
SRV_1175,Bangalore,82.78,2.0,1861,2026-05-27 03:55:00
SRV_1176,Pune,31.39,,607,2026-05-27 03:56:00
SRV_1177,Pune,50.05,,756,2026-05-24 10:00:00
SRV_1178,Hyderabad,52.92,,1499,2026-05-27 03:58:00
SRV_1179,Bangalore,97.06,,1092,2026-05-27 03:59:00
SRV_1180,Mumbai,92.32,,1867,2026-05-27 04:00:00
SRV_1181,Pune,89.03,,1293,2026-05-27 04:01:00
SRV_1182,Delhi,79.08,2.0,1293,INVALID_DATE
SRV_1183,Mumbai,61.61,5.0,448,2026-05-27 04:03:00
SRV_1184,Mumbai,,2.0,621,2026-05-27 04:04:00
SRV_1185,Mumbai,27.14,5.0,194,2026-05-27 04:05:00
SRV_1186,Mumbai,79.55,,650,2026-05-27 04:06:00
SRV_1187,Bangalore,101.0,,1657,2026-05-27 04:07:00
SRV_1188,Mumbai,25.4,9.0,1934,2026-05-27 04:08:00
SRV_1189,Delhi,150.0,10.0,1631,2026-05-27 04:09:00
SRV_1190,Bangalore,39.86,5.0,423,2026-05-27 04:10:00
SRV_1191,Bangalore,76.63,5.0,1750,2026-05-27 04:11:00
SRV_1192,Chennai,87.31,0.0,472,2026-05-27 04:12:00
SRV_1193,Chennai,43.87,7.0,1276,2026-05-27 04:13:00
SRV_1194,Delhi,30.51,10.0,1186,2026-05-27 04:14:00
SRV_1195,Mumbai,88.83,1.0,133,2026-05-27 04:15:00
SRV_1196,Mumbai,150.0,3.0,516,2026-05-27 04:16:00
SRV_1197,Chennai,49.64,,1942,2026-05-27 04:17:00
SRV_1198,Pune,48.65,0.0,1040,2026-05-27 04:18:00
SRV_1199,Chennai,91.73,,579,2026-05-27 04:19:00
SRV_1200,Hyderabad,78.51,4.0,1395,2026-05-27 04:20:00
SRV_1201,Pune,-10.0,,71,2026-05-27 04:21:00
SRV_1202,Chennai,150.0,8.0,111,2026-05-27 04:22:00
SRV_1203,Pune,34.13,4.0,831,2026-05-27 04:23:00
SRV_1204,Bangalore,81.7,4.0,87,2026-05-27 04:24:00
SRV_1205,Hyderabad,81.86,,792,2026-05-27 04:25:00
SRV_1206,Bangalore,32.85,9.0,1553,2026-05-27 04:26:00
SRV_1207,Bangalore,37.82,8.0,339,2026-05-27 04:27:00
SRV_1208,Mumbai,36.33,,1958,2026-05-27 04:28:00
SRV_1209,Pune,-10.0,4.0,1204,2026-05-27 04:29:00
SRV_1210,Chennai,35.81,3.0,378,2026-05-27 04:30:00
SRV_1211,Pune,76.82,8.0,1692,2026-05-27 04:31:00
SRV_1212,Bangalore,,10.0,822,INVALID_DATE
SRV_1213,Chennai,95.96,,1720,2026-05-27 04:33:00
SRV_1214,Chennai,82.47,,1651,2026-05-27 04:34:00
SRV_1215,Mumbai,63.75,10.0,717,2026-05-27 04:35:00
SRV_1216,Delhi,,8.0,505,2026-05-27 04:36:00
SRV_1217,Delhi,23.92,10.0,1097,2026-05-27 04:37:00
SRV_1218,Bangalore,71.61,,1288,2026-05-27 04:38:00
SRV_1219,Pune,150.0,9.0,1664,2026-05-27 04:39:00
SRV_1220,Pune,101.0,3.0,640,2026-05-27 04:40:00
SRV_1221,Delhi,29.25,,1227,2026-05-27 04:41:00
SRV_1222,Hyderabad,150.0,,1073,2026-05-27 04:42:00
SRV_1223,Bangalore,101.0,,1172,2026-05-27 04:43:00
SRV_1224,Chennai,75.74,,1998,2026-05-27 04:44:00
SRV_1225,Hyderabad,44.64,5.0,1656,2026-05-23 10:00:00
SRV_1226,Pune,83.92,,1176,2026-05-27 04:46:00
SRV_1227,Bangalore,66.66,,325,2026-05-27 04:47:00
SRV_1228,Chennai,59.23,9.0,554,2026-05-27 04:48:00
SRV_1229,Chennai,39.11,,1867,2026-05-27 04:49:00
SRV_1230,Bangalore,74.98,2.0,1632,2026-05-27 04:50:00
SRV_1231,Delhi,24.72,7.0,1124,2026-05-27 04:51:00
SRV_1232,Bangalore,46.92,1.0,1208,2026-05-27 04:52:00
SRV_1233,Chennai,28.34,5.0,1178,INVALID_DATE
SRV_1234,Delhi,95.48,10.0,1797,2026-05-27 04:54:00
SRV_1235,Chennai,47.13,1.0,1132,2026-05-27 04:55:00
SRV_1236,Hyderabad,94.32,,965,2026-05-27 04:56:00
SRV_1237,Bangalore,94.22,,1534,2026-05-27 04:57:00
SRV_1238,Chennai,98.75,,1998,2026-05-27 04:58:00
SRV_1239,Mumbai,98.81,,619,2026-05-27 04:59:00
SRV_1240,Hyderabad,23.66,,422,2026-05-27 05:00:00
SRV_1241,Hyderabad,56.72,9.0,1568,2026-05-27 05:01:00
SRV_1242,Pune,95.8,,1160,2026-05-27 05:02:00
SRV_1243,Mumbai,98.18,,1526,2026-05-22 10:00:00
SRV_1244,Hyderabad,49.52,0.0,1710,2026-05-27 05:04:00
SRV_1245,Mumbai,-10.0,,1664,2026-05-27 05:05:00
SRV_1246,Mumbai,22.35,,1871,INVALID_DATE
SRV_1247,Hyderabad,89.02,9.0,1210,2026-05-27 05:07:00
SRV_1248,Delhi,78.61,,1657,2026-05-27 05:08:00
SRV_1249,Chennai,75.77,10.0,959,2026-05-27 05:09:00
SRV_1250,Pune,69.42,,925,2026-05-23 10:00:00
SRV_1251,Delhi,86.23,0.0,1085,2026-05-27 05:11:00
SRV_1252,Bangalore,150.0,,205,2026-05-27 05:12:00
SRV_1253,Mumbai,27.81,,232,2026-05-27 05:13:00
SRV_1254,Pune,79.85,,1182,2026-05-27 05:14:00
SRV_1255,Bangalore,29.87,1.0,1301,2026-05-27 05:15:00
SRV_1256,Mumbai,46.75,,387,2026-05-27 05:16:00
SRV_1257,Pune,60.87,6.0,1677,2026-05-27 05:17:00
SRV_1258,Mumbai,54.56,8.0,545,2026-05-27 05:18:00
SRV_1259,Bangalore,98.33,0.0,1698,2026-05-27 05:19:00
SRV_1260,Mumbai,42.07,,764,2026-05-27 05:20:00
SRV_1261,Hyderabad,150.0,,128,2026-05-27 05:21:00
SRV_1262,Hyderabad,41.06,,849,2026-05-27 05:22:00
SRV_1263,Hyderabad,43.14,1.0,80,2026-05-27 05:23:00
SRV_1264,Chennai,92.13,,1472,2026-05-27 05:24:00
SRV_1265,Chennai,75.63,,481,INVALID_DATE
SRV_1266,Mumbai,64.97,,1040,INVALID_DATE
SRV_1267,Pune,20.95,1.0,1329,2026-05-27 05:27:00
SRV_1268,Hyderabad,94.02,,1618,2026-05-27 05:28:00
SRV_1269,Bangalore,69.91,,1250,2026-05-27 05:29:00
SRV_1270,Delhi,32.33,,1604,2026-05-23 10:00:00
SRV_1271,Delhi,34.91,,198,2026-05-27 05:31:00
SRV_1272,Chennai,53.63,,1845,2026-05-27 05:32:00
SRV_1273,Mumbai,79.75,,826,2026-05-27 05:33:00
SRV_1274,Pune,69.53,,1661,2026-05-27 05:34:00
SRV_1275,Bangalore,92.08,2.0,646,2026-05-27 05:35:00
SRV_1276,Mumbai,86.87,7.0,213,2026-05-27 05:36:00
SRV_1277,Mumbai,41.14,,418,2026-05-27 05:37:00
SRV_1278,Chennai,76.92,2.0,565,2026-05-27 05:38:00
SRV_1279,Bangalore,98.32,,1945,2026-05-27 05:39:00
SRV_1280,Delhi,40.54,,861,2026-05-27 05:40:00
SRV_1281,Pune,72.46,,1511,2026-05-27 05:41:00
SRV_1282,Chennai,59.56,0.0,1232,2026-05-27 05:42:00
SRV_1283,Mumbai,66.18,3.0,99,2026-05-27 05:43:00
SRV_1284,Pune,91.95,4.0,1794,2026-05-27 05:44:00
SRV_1285,Hyderabad,,6.0,1220,2026-05-27 05:45:00
SRV_1286,Chennai,32.71,7.0,1414,2026-05-27 05:46:00
SRV_1287,Mumbai,74.82,4.0,1679,2026-05-27 05:47:00
SRV_1288,Mumbai,68.66,,1947,2026-05-27 05:48:00
SRV_1289,Bangalore,62.93,5.0,1765,2026-05-27 05:49:00
SRV_1290,Hyderabad,-10.0,8.0,473,2026-05-27 05:50:00
SRV_1291,Delhi,65.81,,410,2026-05-27 05:51:00
SRV_1292,Pune,23.31,3.0,1217,2026-05-27 05:52:00
SRV_1293,Pune,21.54,7.0,1405,2026-05-27 05:53:00
SRV_1294,Chennai,76.08,3.0,186,INVALID_DATE
SRV_1295,Pune,77.94,1.0,1454,2026-05-27 05:55:00
SRV_1296,Bangalore,24.24,2.0,1995,2026-05-27 05:56:00
SRV_1297,Chennai,,5.0,327,2026-05-27 05:57:00
SRV_1298,Delhi,56.08,,712,2026-05-27 05:58:00
SRV_1299,Pune,50.95,,952,2026-05-27 05:59:00
SRV_100,Bangalore,34.56,4.0,1559,2026-05-26 10:00:00
SRV_101,Bangalore,24.75,1.0,621,2026-05-26 10:01:00
SRV_102,Pune,101.0,,150,2026-05-26 10:02:00
SRV_103,Delhi,39.97,,1332,INVALID_DATE
SRV_104,Mumbai,69.54,,1703,2026-05-26 10:04:00
SRV_105,Bangalore,76.62,,1851,2026-05-26 10:05:00
SRV_106,Hyderabad,63.9,,435,2026-05-26 10:06:00
SRV_107,Chennai,47.17,0.0,1873,2026-05-26 10:07:00
SRV_108,Pune,67.87,8.0,209,2026-05-26 10:08:00
SRV_109,Mumbai,101.0,1.0,1925,INVALID_DATE
SRV_110,Pune,48.24,7.0,1082,2026-05-26 10:10:00
SRV_111,Bangalore,150.0,3.0,1854,2026-05-26 10:11:00
SRV_112,Hyderabad,,,793,2026-05-26 10:12:00
SRV_113,Mumbai,37.42,5.0,530,2026-05-26 10:13:00
SRV_114,Bangalore,88.22,8.0,483,2026-05-26 10:14:00
SRV_115,Hyderabad,62.63,1.0,1583,2026-05-26 10:15:00
SRV_116,Delhi,33.29,3.0,818,2026-05-26 10:16:00
SRV_117,Delhi,21.13,,869,2026-05-26 10:17:00
SRV_118,Bangalore,58.48,,145,2026-05-26 10:18:00
SRV_119,Delhi,49.57,2.0,1861,2026-05-21 10:00:00
SRV_120,Pune,97.3,6.0,1947,2026-05-26 10:20:00
SRV_121,Chennai,,,1114,2026-05-26 10:21:00
SRV_122,Bangalore,62.81,3.0,1558,2026-05-26 10:22:00
SRV_123,Mumbai,73.29,,1438,2026-05-26 10:23:00
SRV_124,Delhi,-10.0,,1265,2026-05-26 10:24:00
